id,name,email,password,created,updated
4,Hedwiga,hdyott3@unesco.org,bC1.q(t3nog4E,2023-10-21 17:34:08,2023-10-21 17:34:08
5,Nanon,nbrimley4@gravatar.com,dP5&TMJsdHZ|,2023-10-21 17:34:08,2023-10-21 17:34:08
6,Jacquenette,jgalia5@mac.com,rS9\'$Ivks*rn,2023-10-21 17:34:08,2023-10-21 17:34:08
7,Randall,rsywell6@vistaprint.com,zJ7/8uha,2023-10-21 17:34:08,2023-10-21 17:34:08
8,Salim,sgoosnell7@yellowbook.com,sJ4<WR#qc0bUzE,2023-10-21 17:34:08,2023-10-21 17:34:08
9,Rolph,ralexsandrovich8@prweb.com,sH5+szZ.L{<HE,2023-10-21 17:34:08,2023-10-21 17:34:08
10,Shell,stunnacliffe9@blogspot.com,pE9)4D`81Lf{&z),2023-10-21 17:34:08,2023-10-21 17:34:08
11,Belia,bchidwicka@google.cn,fJ2+Ckty},2023-10-21 17:34:08,2023-10-21 17:34:08
12,Aldrich,aclowserb@columbia.edu,aP1>/X+T,2023-10-21 17:34:08,2023-10-21 17:34:08
13,Mitchell,msmullenc@artisteer.com,jV3>/+.=$UeUt,2023-10-21 17:34:08,2023-10-21 17:34:08
14,Minette,mlambourned@fda.gov,vD3|S)3!`Zgyka,2023-10-21 17:34:08,2023-10-21 17:34:08
15,Leyla,lsinniee@nationalgeographic.com,"kU0<sk2,F\4",2023-10-21 17:34:08,2023-10-21 17:34:08
16,Dasya,debenezerf@springer.com,fB1+kMEYq,2023-10-21 17:34:08,2023-10-21 17:34:08
17,Mandi,mcoolahang@youtube.com,cI5!A=YuH0N&zf!X,2023-10-21 17:34:08,2023-10-21 17:34:08
18,Gaby,gluardh@is.gd,kG5*7jBt2,2023-10-21 17:34:08,2023-10-21 17:34:08
19,Ethelind,ebilfooti@nymag.com,jR5}?z8M,2023-10-21 17:34:08,2023-10-21 17:34:08
20,Marcellina,mrobesonj@theguardian.com,dM9_tF'TghcJ,2023-10-21 17:34:08,2023-10-21 17:34:08
21,Sax,slunok@usatoday.com,jB3#?suZ,2023-10-21 17:34:08,2023-10-21 17:34:08
22,Denys,dscudl@ifeng.com,aS4*IE<kP}and|,2023-10-21 17:34:08,2023-10-21 17:34:08
23,Cristine,ccowlamm@pcworld.com,oB1_/Heo@bM{'#*~,2023-10-21 17:34:08,2023-10-21 17:34:08
24,Thornton,tanniesn@ebay.co.uk,aG1)u`$V5,2023-10-21 17:34:08,2023-10-21 17:34:08
25,Lisbeth,lsawyero@webnode.com,fW3*KWyFGfF.,2023-10-21 17:34:08,2023-10-21 17:34:08
26,Eugene,egarwellp@google.com.hk,qT5?Mc=+TL,2023-10-21 17:34:08,2023-10-21 17:34:08
27,Redford,rfairecloughq@storify.com,bC5!z9Jh,2023-10-21 17:34:08,2023-10-21 17:34:08
28,Lorilyn,ltomasr@java.com,xS7)i2rI)\8O,2023-10-21 17:34:08,2023-10-21 17:34:08
29,Nadya,njancs@cbslocal.com,cZ6}j)%yHR,2023-10-21 17:34:08,2023-10-21 17:34:08
30,Diego,dscuset@instagram.com,zI9/9j7.2FxuMo2g,2023-10-21 17:34:08,2023-10-21 17:34:08
31,Celeste,cbrierlyu@etsy.com,pL4<`pvrQp,2023-10-21 17:34:08,2023-10-21 17:34:08
32,Allyce,awibberleyv@java.com,fP7'Z6+gY8<Wf*.0,2023-10-21 17:34:08,2023-10-21 17:34:08
33,Nathaniel,nkuhnew@sphinn.com,"kZ4""sON4P<",2023-10-21 17:34:08,2023-10-21 17:34:08
34,Ferne,fgibbardx@ebay.co.uk,tP3\&+i}'kk_,2023-10-21 17:34:08,2023-10-21 17:34:08
35,Frank,fbotleyy@seesaa.net,rG9#VL3CG,2023-10-21 17:34:08,2023-10-21 17:34:08
36,Eziechiele,ejoscelynez@toplist.cz,iW5(2*Mp~i,2023-10-21 17:34:08,2023-10-21 17:34:08
37,Darcie,delliot10@smugmug.com,pO1.{K`.#,2023-10-21 17:34:08,2023-10-21 17:34:08
38,Nelli,nbrosch11@shareasale.com,"lR1,><,xO0*mn",2023-10-21 17:34:08,2023-10-21 17:34:08
39,Jasen,jjephcott12@flickr.com,dS8|*A~/(z0,2023-10-21 17:34:08,2023-10-21 17:34:08
40,Elinore,einglesant13@dagondesign.com,"pM4#,u`ayr4X",2023-10-21 17:34:08,2023-10-21 17:34:08